class_id,food_name,category,unit,cal,carbs,protein,fat,sugar,sodium
0,가지볶음,반찬류,1회 (약 60ml),21.0,2.0,0.5,1.3,1.0,124.0
1,간장게장,해산물,1회 (약 250g),155.0,15.1,17.5,2.8,10.5,2722.0
2,갈비구이,육류,인분 (약 200g),723.0,4.8,77.7,43.7,0.8,1206.0
3,갈비찜,육류,1회 (약 300g),255.0,20.9,21.8,9.5,2.2,816.0
4,갈비탕,국/탕/찌개,그릇 (약 600ml),362.0,2.7,57.0,13.8,0.7,1333.0
5,갈치구이,생선류,토막 (약 100g),206.0,1.2,17.7,13.7,0.0,473.0
6,갈치조림,반찬류,1회 (약 400ml),260.0,17.8,25.2,9.6,7.1,928.0
7,감자전,분식/전,1회 (약 200g),266.0,33.6,3.4,13.1,3.6,586.0
8,감자조림,반찬류,1회 (약 50g),57.0,9.1,1.2,1.8,3.8,244.0
9,감자채볶음,반찬류,1회 (약 115g),120.0,14.7,2.2,5.8,1.8,294.0
10,감자탕,국/탕/찌개,그릇 (약 700ml),376.0,12.0,33.4,21.5,0.0,1738.0
11,갓김치,반찬류,1회 (약 100g),37.0,7.1,3.3,0.4,2.5,720.0
12,건새우볶음,반찬류,1회 (약 20g),61.0,1.1,8.3,2.6,0.8,311.0
13,경단,분식/간식,1회 (약 100g),240.0,38.6,6.3,6.7,0.6,203.0
14,계란국,국/탕/찌개,그릇 (약 350ml),52.0,2.8,3.7,3.0,0.0,984.0
15,계란말이,반찬류,접시 (약 120g),193.0,1.4,17.2,13.2,0.0,449.0
16,계란찜,찜류,1회 (약 200g),163.0,4.3,13.2,10.3,2.5,509.0
17,계란후라이,반찬류,개 (약 50g),201.0,5.6,11.1,14.9,0.0,344.0
18,고등어구이,생선류,토막 (약 120g),241.0,4.6,16.2,17.0,0.0,352.0
19,고등어조림,반찬류,1회 (약 100g),141.0,4.1,11.2,8.8,3.4,390.0
20,고사리나물,반찬류,1회 (약 60ml),20.0,2.1,1.6,1.0,0.3,100.0
21,고추장진미채볶음,반찬류,1회 (약 100g),275.0,29.8,22.0,7.6,20.0,975.0
22,고추튀김,분식/전,1회 (약 100g),202.0,14.6,7.6,12.6,2.3,249.0
23,곰탕_설렁탕,국/탕/찌개,그릇 (약 500g),120.0,1.8,20.6,2.9,0.0,744.0
24,곱창구이,육류,인분 (약 180g),276.0,7.1,22.3,17.6,1.7,1972.0
25,곱창전골,국/탕/찌개,그릇 (약 570ml),268.0,15.2,20.3,14.9,4.4,633.0
26,과메기,생선류,100g,177.0,0.0,20.3,10.0,0.0,794.0
27,김밥,분식,줄 (약 250g),322.0,46.0,11.1,10.5,0.0,706.0
28,김치볶음밥,밥류,그릇 (약 350g),606.0,53.1,27.4,20.5,4.6,2500.0
29,김치전,분식/전,장 (약 130g),201.0,28.5,7.6,6.3,6.3,360.0
30,김치찌개,국/탕/찌개,그릇 (약 400ml),244.0,11.9,15.1,15.0,3.0,1964.0
31,김치찜,반찬류,1회 (약 685g),514.0,30.1,51.9,20.4,12.3,3077.0
32,깍두기,반찬류,1회 (약 50g),16.0,2.1,0.8,0.5,1.3,404.0
33,깻잎장아찌,반찬류,1회 (약 83ml),54.0,10.7,3.1,0.6,4.4,431.0
34,꼬막찜,해산물,1회 (약 200g),192.0,13.9,24.1,4.6,2.1,1472.0
35,꽁치조림,반찬류,1회 (약 100g),244.0,5.1,15.5,17.9,4.0,350.0
36,꽈리고추무침,반찬류,100g (유사식품),104.0,17.69,3.59,2.09,0.44,316.0
37,꿀떡,빵 및 과자류,1회 (약 100g),228.0,49.5,3.7,1.7,0.3,275.0
38,나박김치,반찬류,1회 (약 100g),10.0,1.1,0.5,0.4,0.3,377.0
39,누룽지,밥류,1회 (약 600ml),522.0,115.0,9.0,0.4,1.4,6.0
40,닭갈비,육류,인분 (약 250g),328.0,12.4,27.5,18.7,1.3,703.0
41,닭계장,국/탕/찌개,그릇 (약 400ml),140.0,9.9,19.2,2.9,4.0,1169.0
42,닭볶음탕,국/탕/찌개,그릇 (약 300g),333.0,25.6,35.7,9.7,1.3,1128.0
43,더덕구이,채소/나물,접시 (약 120g),184.0,31.1,3.1,5.2,11.6,743.0
44,도라지무침,반찬류,1회 (약 50g),65.0,6.6,1.2,3.8,0.5,206.0
45,도토리묵,생채·무침류,1회 (약 108ml),60.0,11.8,0.9,1.0,0.1,302.0
46,동그랑땡,반찬류,접시 (약 150g),309.0,12.7,19.6,20.0,1.0,554.0
47,동태찌개,국/탕/찌개,그릇 (약 400ml),88.0,3.4,12.2,2.7,0.3,546.0
48,된장찌개,국/탕/찌개,그릇 (약 400ml),92.0,8.9,6.8,3.3,0.0,636.0
49,두부김치,안주/반찬,접시 (약 250g),288.0,14.1,19.5,17.1,1.5,990.0
50,두부조림,반찬류,1회 (약 50g),72.0,2.2,4.8,4.8,1.8,80.0
51,땅콩조림,반찬류,1회 (약 20g),97.0,4.0,3.8,7.3,2.0,115.0
52,떡갈비,육류,개 (약 100g),404.0,4.9,42.8,23.6,0.8,808.0
53,떡국_만두국,국 및 탕류,1그릇 (300g),666.0,92.8,21.2,23.5,0.1,1236.0
54,떡꼬치,분식/간식,100g (유사식품),249.0,47.89,3.79,4.72,5.34,446.0
55,떡볶이,분식,접시 (약 250g),259.0,46.7,6.3,5.3,7.9,704.0
56,라면,면류,그릇 (약 500ml),451.0,75.1,9.5,12.5,0.0,1556.0
57,라볶이,분식,접시 (약 300g),268.0,40.3,5.7,9.4,1.9,622.0
58,막국수,국/탕/찌개,그릇 (약 733ml),425.0,80.3,14.7,4.4,1.2,1656.0
59,만두,분식/간식,1회 (약 220g),399.0,37.9,20.5,17.9,2.8,805.0
60,매운탕,국/탕/찌개,그릇 (약 600g),171.0,8.1,28.0,3.1,1.4,1854.0
61,멍게,해산물,100g,74.0,4.9,8.7,2.1,0.0,1300.0
62,메추리알장조림,반찬류,1회 (약 67ml),101.0,6.0,7.5,4.5,1.7,648.0
63,멸치볶음,반찬류,1회 (약 50g),138.0,6.8,19.7,3.5,5.8,1303.0
64,무국,국/탕/찌개,그릇 (약 350ml),22.0,3.8,1.0,0.5,1.2,589.0
65,무생채,생채·무침류,1회 (약 150g),74.0,11.0,3.6,1.7,2.7,1232.0
66,물냉면,면류,그릇 (약 600ml),749.0,142.1,28.1,5.5,3.3,1568.0
67,물회,해산물,1회 (약 700g),532.0,55.3,34.4,18.9,20.0,2093.0
68,미역국,국/탕/찌개,그릇 (약 350ml),48.0,3.5,2.6,2.4,1.1,672.0
69,미역줄기볶음,반찬류,1회 (약 80g),62.0,3.9,0.8,4.8,0.4,404.0
70,배추김치,반찬류,1회 (약 100g),38.0,6.5,2.0,0.4,2.4,551.0
71,백김치,반찬류,1회 (약 100g),16.0,3.0,0.9,0.1,1.0,395.0
72,보쌈,찜류,1회 (약 104ml),164.0,1.3,20.4,7.8,0.2,346.0
73,부추김치,반찬류,1회 (약 50g),24.0,3.2,1.3,0.6,2.0,380.0
74,북엇국,국/탕/찌개,그릇 (약 350ml),112.0,3.4,15.6,3.9,0.5,928.0
75,불고기,육류,인분 (약 200g),340.0,8.5,32.8,19.3,6.5,836.0
76,비빔냉면,면류,그릇 (약 500g),540.0,87.2,22.8,10.0,8.2,912.0
77,비빔밥,밥류,그릇 (약 400g),639.0,84.8,30.9,19.4,0.2,1044.0
78,산낙지,해산물,100g,55.0,0.1,11.5,0.6,0.2,227.0
79,삼겹살,육류,인분 (약 200g),870.0,13.0,36.8,74.5,5.7,1086.0
80,삼계탕,보양식,그릇 (약 800ml),909.0,34.6,96.1,43.2,4.0,738.0
81,새우볶음밥,밥류,그릇 (약 370g),636.4,84.55,23.35,22.72,2.63,540.2
82,새우튀김,분식/전,1회 (약 118ml),171.0,19.5,8.3,6.5,2.6,379.0
83,생선전,분식/전,1회 (약 150g),250.0,8.7,24.2,13.1,0.3,760.0
84,소세지볶음,반찬류,접시 (약 150g),560.0,28.8,23.9,38.8,11.7,1774.0
85,송편,분식/간식,1회 (약 100g),219.0,42.8,4.7,3.2,2.0,260.0
86,수육,육류,1회 (약 300g),498.0,6.1,85.3,14.8,0.3,93.0
87,수정과,음료 및 차류,1회 (약 150g),133.5,20.4,0.6,5.4,20.7,9.72
88,수제비,면류,그릇 (약 600ml),377.0,72.0,15.0,3.4,0.0,923.0
89,숙주나물,반찬류,1회 (약 50g),18.0,1.5,1.1,0.8,0.8,202.0
90,순대,찜류,1회 (약 220g),411.0,78.6,6.1,8.0,3.1,1329.0
91,순두부찌개,국/탕/찌개,그릇 (약 400ml),70.0,4.3,6.0,3.2,0.6,302.0
92,시금치나물,반찬류,1회 (약 50g),34.0,1.7,1.9,2.2,0.1,68.0
93,시래기국,국/탕/찌개,그릇 (약 350ml),33.0,4.8,2.1,0.8,0.8,498.0
94,식혜,음료 및 차류,1회 (약 150g),130.0,24.3,2.3,2.6,17.0,3.0
95,알밥,밥류,그릇 (약 350g),422.0,52.0,15.6,16.9,7.6,1419.0
96,애호박볶음,반찬류,1회 (약 50g),30.0,2.6,0.7,1.8,0.2,224.0
97,약과,분식/간식,1회 (약 30g),120.0,25.5,1.3,1.4,5.1,17.0
98,약식,분식/간식,1회 (약 100g),220.0,45.2,4.2,2.5,13.2,221.0
99,양념게장,해산물,1회 (약 200g),194.0,25.2,20.5,1.2,17.5,1608.0
100,양념치킨,치킨/패스트푸드,100g,276.0,21.15,17.75,13.4,6.25,403.0
101,어묵볶음,반찬류,1회 (약 140g),276.0,34.1,11.8,10.2,8.8,1145.0
102,연근조림,반찬류,1회 (약 50g),87.0,14.7,1.3,2.5,1.4,330.0
103,열무국수,국/탕/찌개,그릇 (약 279ml),334.2,56.79,10.58,5.93,3.48,1147.4
104,열무김치,반찬류,1회 (약 100g),36.0,5.9,2.4,0.4,0.7,583.0
105,오이소박이,김치류,1회 (약 100g),37.0,6.3,1.8,0.5,3.1,378.0
106,오징어채볶음,반찬류,1회 (약 100g),275.0,29.8,22.0,7.6,20.0,975.0
107,오징어튀김,분식/전,1회 (약 100ml),81.0,3.8,5.2,4.7,0.1,151.0
108,우엉조림,반찬류,1회 (약 30g),56.0,10.4,1.4,1.0,8.5,352.0
109,유부초밥,밥류,그릇 (약 300ml),597.0,81.1,17.4,20.8,6.6,402.0
110,육개장,국/탕/찌개,그릇 (약 400ml),132.0,6.6,16.2,4.4,3.3,884.0
111,육회,수·조·어·육류,1회 (약 150g),195.0,12.2,14.9,9.6,7.9,627.0
112,잔치국수,면류,그릇 (약 600ml),488.0,84.6,19.2,6.7,6.6,2176.0
113,잡곡밥,밥류,공기 (약 210g),292.0,58.7,10.6,1.7,0.6,6.0
114,잡채,볶음류,1회 (약 200g),292.0,48.5,9.4,6.6,1.5,720.0
115,장어구이,생선/보양식,인분 (약 200g),259.0,6.2,19.8,17.2,0.4,322.0
116,장조림,반찬류,1회 (약 100g),148.0,7.5,11.1,6.3,3.4,692.0
117,전복죽,분식/전,1회 (약 400g),316.0,38.5,7.3,14.9,0.0,632.0
118,젓갈,기타,1회 (약 10g),6.0,0.34,1.01,0.07,0.24,215.1
119,제육볶음,육류,인분 (약 250g),151.0,5.7,12.2,8.4,2.9,220.0
120,조개구이,해산물,접시 (약 200g),234.0,18.8,31.4,3.7,6.5,817.0
121,조기구이,생선류,마리 (약 100g),319.0,0.8,34.8,19.5,0.0,2455.0
122,족발,육류,1회 (약 250g),582.0,2.3,65.1,34.8,0.0,862.0
123,주꾸미볶음,해산물,인분 (약 250g),212.0,22.8,18.3,5.2,5.1,918.0
124,주먹밥,밥류,그릇 (약 291ml),393.0,74.3,6.7,6.1,2.6,306.0
125,짜장면,면류,그릇 (약 600g),918.0,174.8,31.8,15.4,17.4,2466.0
126,짬뽕,면류,그릇 (약 700ml),464.0,66.1,22.3,12.3,12.6,1448.0
127,쫄면,면류,1회 (약 550g),710.0,127.9,17.7,13.9,19.3,1375.0
128,찜닭,육류,1회 (약 1500g),1365.0,139.5,114.2,38.8,66.8,5460.0
129,총각김치,반찬류,1회 (약 100g),42.0,7.9,1.9,0.3,3.0,630.0
130,추어탕,국/탕/찌개,그릇 (약 350g),189.0,10.7,11.3,11.1,0.0,861.0
131,칼국수,면류,그릇 (약 600ml),539.0,104.3,23.1,3.4,0.0,1540.0
132,코다리조림,반찬류,1회 (약 100g),86.0,4.2,16.5,0.4,3.7,466.0
133,콩국수,국/탕/찌개,그릇 (약 800g),648.0,71.4,31.2,26.8,1.9,536.0
134,콩나물국,국/탕/찌개,그릇 (약 350ml),24.0,2.4,3.0,0.4,0.6,876.0
135,콩나물무침,반찬류,1회 (약 50g),34.0,1.6,1.9,2.3,0.2,194.0
136,콩자반,조림류,1회 (약 30g),84.0,10.4,5.4,2.3,1.1,260.0
137,파김치,반찬류,1회 (약 100g),49.0,8.5,2.5,0.6,2.8,655.0
138,파전,분식/전,장 (약 150g),292.0,34.8,6.8,14.0,0.8,346.0
139,편육,육류,100ml 상당 (유사식품),150.0,1.2,18.7,7.12,0.15,319.0
140,피자,패스트푸드,조각 (약 120g),321.0,44.2,16.4,10.0,6.5,376.0
141,한과,분식/간식,1회 (약 30g),127.2,22.27,0.84,3.85,7.25,6.9
142,해물찜,해산물,1회 (약 500g),400.0,35.4,42.6,9.8,5.5,2135.0
143,호박전,분식/전,1회 (약 150g),208.0,16.1,6.5,13.1,2.8,278.0
144,호박죽,죽 및 스프류,1회 (약 400g),196.0,26.3,7.7,6.8,14.2,168.0
145,홍어무침,반찬류,1회 (약 200g),198.0,26.0,17.9,2.6,14.5,802.0
146,황태구이,생선류,접시 (약 150g),438.0,26.9,47.8,15.4,14.2,1136.0
147,회무침,반찬류,1회 (약 250g),205.0,21.5,20.2,4.1,11.3,688.0
148,후라이드치킨,치킨/패스트푸드,100g,312.0,12.54,21.27,19.68,0.42,314.0
149,훈제오리,육류,인분 (약 200g),528.0,8.0,35.0,39.6,0.3,1054.0
